{
  "a8": [
    [
      121.0,
      6.0
    ],
    [
      176.18136596679688,
      6.900395393371582
    ],
    [
      174.75094604492188,
      57.9172248840332
    ],
    [
      118.67190551757812,
      57.218116760253906
    ]
  ],
  "b8": [
    [
      176.18136596679688,
      6.900395393371582
    ],
    [
      230.90704345703125,
      7.7933549880981445
    ],
    [
      230.35946655273438,
      58.61046600341797
    ],
    [
      174.75094604492188,
      57.9172248840332
    ]
  ],
  "c8": [
    [
      230.90704345703125,
      7.7933549880981445
    ],
    [
      285.1826477050781,
      8.678971290588379
    ],
    [
      285.50335693359375,
      59.29791259765625
    ],
    [
      230.35946655273438,
      58.61046600341797
    ]
  ],
  "d8": [
    [
      285.1826477050781,
      8.678971290588379
    ],
    [
      339.0137023925781,
      9.557332992553711
    ],
    [
      340.18841552734375,
      59.979644775390625
    ],
    [
      285.50335693359375,
      59.29791259765625
    ]
  ],
  "e8": [
    [
      339.0137023925781,
      9.557332992553711
    ],
    [
      392.4056701660156,
      10.4285306930542
    ],
    [
      394.4203186035156,
      60.655723571777344
    ],
    [
      340.18841552734375,
      59.979644775390625
    ]
  ],
  "f8": [
    [
      392.4056701660156,
      10.4285306930542
    ],
    [
      445.3638610839844,
      11.29265022277832
    ],
    [
      448.2047424316406,
      61.32622528076172
    ],
    [
      394.4203186035156,
      60.655723571777344
    ]
  ],
  "g8": [
    [
      445.3638610839844,
      11.29265022277832
    ],
    [
      497.8935852050781,
      12.149779319763184
    ],
    [
      501.5471496582031,
      61.991214752197266
    ],
    [
      448.2047424316406,
      61.32622528076172
    ]
  ],
  "h8": [
    [
      497.8935852050781,
      12.149779319763184
    ],
    [
      550.0,
      13.0
    ],
    [
      554.4530029296875,
      62.65076446533203
    ],
    [
      501.5471496582031,
      61.991214752197266
    ]
  ],
  "a7": [
    [
      118.67190551757812,
      57.218116760253906
    ],
    [
      174.75094604492188,
      57.9172248840332
    ],
    [
      173.27374267578125,
      110.60261535644531
    ],
    [
      116.267333984375,
      110.11858367919922
    ]
  ],
  "b7": [
    [
      174.75094604492188,
      57.9172248840332
    ],
    [
      230.35946655273438,
      58.61046600341797
    ],
    [
      229.79405212402344,
      111.08251953125
    ],
    [
      173.27374267578125,
      110.60261535644531
    ]
  ],
  "c7": [
    [
      230.35946655273438,
      58.61046600341797
    ],
    [
      285.50335693359375,
      59.29791259765625
    ],
    [
      285.8344421386719,
      111.558349609375
    ],
    [
      229.79405212402344,
      111.08251953125
    ]
  ],
  "d7": [
    [
      285.50335693359375,
      59.29791259765625
    ],
    [
      340.18841552734375,
      59.979644775390625
    ],
    [
      341.4010314941406,
      112.03015899658203
    ],
    [
      285.8344421386719,
      111.558349609375
    ]
  ],
  "e7": [
    [
      340.18841552734375,
      59.979644775390625
    ],
    [
      394.4203186035156,
      60.655723571777344
    ],
    [
      396.4997863769531,
      112.49799346923828
    ],
    [
      341.4010314941406,
      112.03015899658203
    ]
  ],
  "f7": [
    [
      394.4203186035156,
      60.655723571777344
    ],
    [
      448.2047424316406,
      61.32622528076172
    ],
    [
      451.1365661621094,
      112.96190643310547
    ],
    [
      396.4997863769531,
      112.49799346923828
    ]
  ],
  "g7": [
    [
      448.2047424316406,
      61.32622528076172
    ],
    [
      501.5471496582031,
      61.991214752197266
    ],
    [
      505.31719970703125,
      113.42194366455078
    ],
    [
      451.1365661621094,
      112.96190643310547
    ]
  ],
  "h7": [
    [
      501.5471496582031,
      61.991214752197266
    ],
    [
      554.4530029296875,
      62.65076446533203
    ],
    [
      559.04736328125,
      113.87815856933594
    ],
    [
      505.31719970703125,
      113.42194366455078
    ]
  ],
  "a6": [
    [
      116.267333984375,
      110.11858367919922
    ],
    [
      173.27374267578125,
      110.60261535644531
    ],
    [
      171.74742126464844,
      165.039794921875
    ],
    [
      113.782470703125,
      164.78567504882812
    ]
  ],
  "b6": [
    [
      173.27374267578125,
      110.60261535644531
    ],
    [
      229.79405212402344,
      111.08251953125
    ],
    [
      229.2099151611328,
      165.2917022705078
    ],
    [
      171.74742126464844,
      165.039794921875
    ]
  ],
  "c6": [
    [
      229.79405212402344,
      111.08251953125
    ],
    [
      285.8344421386719,
      111.558349609375
    ],
    [
      286.17645263671875,
      165.54144287109375
    ],
    [
      229.2099151611328,
      165.2917022705078
    ]
  ],
  "d6": [
    [
      285.8344421386719,
      111.558349609375
    ],
    [
      341.4010314941406,
      112.03015899658203
    ],
    [
      342.6534729003906,
      165.78903198242188
    ],
    [
      286.17645263671875,
      165.54144287109375
    ]
  ],
  "e6": [
    [
      341.4010314941406,
      112.03015899658203
    ],
    [
      396.4997863769531,
      112.49799346923828
    ],
    [
      398.6471862792969,
      166.03451538085938
    ],
    [
      342.6534729003906,
      165.78903198242188
    ]
  ],
  "f6": [
    [
      396.4997863769531,
      112.49799346923828
    ],
    [
      451.1365661621094,
      112.96190643310547
    ],
    [
      454.163818359375,
      166.27789306640625
    ],
    [
      398.6471862792969,
      166.03451538085938
    ]
  ],
  "g6": [
    [
      451.1365661621094,
      112.96190643310547
    ],
    [
      505.31719970703125,
      113.42194366455078
    ],
    [
      509.2094421386719,
      166.5192108154297
    ],
    [
      454.163818359375,
      166.27789306640625
    ]
  ],
  "h6": [
    [
      505.31719970703125,
      113.42194366455078
    ],
    [
      559.04736328125,
      113.87815856933594
    ],
    [
      563.7899780273438,
      166.75848388671875
    ],
    [
      509.2094421386719,
      166.5192108154297
    ]
  ],
  "a5": [
    [
      113.782470703125,
      164.78567504882812
    ],
    [
      171.74742126464844,
      165.039794921875
    ],
    [
      170.1694793701172,
      221.31759643554688
    ],
    [
      111.21321105957031,
      221.3094024658203
    ]
  ],
  "b5": [
    [
      171.74742126464844,
      165.039794921875
    ],
    [
      229.2099151611328,
      165.2917022705078
    ],
    [
      228.60610961914062,
      221.3257293701172
    ],
    [
      170.1694793701172,
      221.31759643554688
    ]
  ],
  "c5": [
    [
      229.2099151611328,
      165.2917022705078
    ],
    [
      286.17645263671875,
      165.54144287109375
    ],
    [
      286.5299377441406,
      221.33380126953125
    ],
    [
      228.60610961914062,
      221.3257293701172
    ]
  ],
  "d5": [
    [
      286.17645263671875,
      165.54144287109375
    ],
    [
      342.6534729003906,
      165.78903198242188
    ],
    [
      343.94769287109375,
      221.341796875
    ],
    [
      286.5299377441406,
      221.33380126953125
    ]
  ],
  "e5": [
    [
      342.6534729003906,
      165.78903198242188
    ],
    [
      398.6471862792969,
      166.03451538085938
    ],
    [
      400.8659362792969,
      221.34971618652344
    ],
    [
      343.94769287109375,
      221.341796875
    ]
  ],
  "f5": [
    [
      398.6471862792969,
      166.03451538085938
    ],
    [
      454.163818359375,
      166.27789306640625
    ],
    [
      457.29119873046875,
      221.35755920410156
    ],
    [
      400.8659362792969,
      221.34971618652344
    ]
  ],